"id","erp_code","d_o","name","owner_id","province","city","town","address","contact_number","longitude","latitude","created_at","updated_at","zone_id","guidelines","nozzles_id","supplypoints","commissioning_date","status","FV_PMG","FV_HSD","FV_MF","financial_status","signage_replacement_phase","no_of_dispensing_units","no_storage_tanks","storage_capacity","company_investment","canopy","canopy_size","ren_month","history"
"1","2010001","DORC","A & A FILLING STATION","1","Punjab","","","","","74.3274","32.3138","2010-03-19 18:45:00","2022-05-19 09:58:00","2","Lorem ipsum dolor sit amet, consectetur adipiscing elit. Quisque commodo lobortis leo non luctus.","","","","Active","","","","","N/A","","","","","","","",""
"2","2010310","DORC","ABASER PETROLEUM","2","Punjab","","","","","74.167","31.5454","2010-03-19 18:45:00","2012-07-19 08:36:00","2","Lorem ipsum dolor sit amet, consectetur adipiscing elit. Quisque commodo lobortis leo non luctus.","","","","Active","","90","","","N/A","","","","","","","",""
"3","2010135","DORC","ABID PETROLEUM MANDI BAHAUDDIN-C","3","Punjab","","","","","73.4803","32.5775","2010-03-19 18:45:00","2010-03-19 18:45:00","2","Lorem ipsum dolor sit amet, consectetur adipiscing elit. Quisque commodo lobortis leo non luctus.","","","","Active","","","","","N/A","","","","","","","",""
"4","2010139","DORC","AFTAB FILLING STATION - SARGODHA","4","Punjab","","","","","72.7294","31.9528","2010-03-19 18:45:00","2010-03-19 18:45:00","2","Lorem ipsum dolor sit amet, consectetur adipiscing elit. Quisque commodo lobortis leo non luctus.","","","","Active","","","","","N/A","","","","","","","",""
"5","2010098","DORC","AL - HABIB PETROLEUM SERVICE","5","Punjab","","","","","72.6973","31.0263","2010-03-19 18:45:00","2026-06-19 07:52:00","2","","","","","Active","","","","","N/A","","","","","","","",""
"6","2010151","DORC","AL - NAFEES FILLING STATION","6","Punjab","","","","","73.6448","31.5885","2010-03-19 18:45:00","2010-03-19 18:45:00","2","Lorem ipsum dolor sit amet, consectetur adipiscing elit. Quisque commodo lobortis leo non luctus.","","","","Active","","","","","N/A","","","","","","","",""
"7","2010156","DORC","AL - WARIS FILLING STATION","7","Punjab","","","","","73.432","32.3079","2010-03-19 18:45:00","2010-03-19 18:45:00","2","Lorem ipsum dolor sit amet, consectetur adipiscing elit. Quisque commodo lobortis leo non luctus.","","","","Active","","","","","N/A","","","","","","","",""
"8","2010157","DORC","AL - ZAFAR PETROLEUM SERVICE","8","Punjab","","","","","72.3345","32.3109","2010-03-19 18:45:00","2010-03-19 18:45:00","2","Lorem ipsum dolor sit amet, consectetur adipiscing elit. Quisque commodo lobortis leo non luctus.","","","","Active","","","","","N/A","","","","","","","",""
"9","2010162","DORC","AL REHMAN PETROLEUM SERVICE","9","Punjab","","","","","72.2359","31.1571","2010-03-19 18:45:00","2025-04-19 12:26:00","2","Lorem ipsum dolor sit amet, consectetur adipiscing elit. Quisque commodo lobortis leo non luctus.","","","","Active","","","","","N/A","","","","","","","",""
"10","2010159","DORC","AL-HAMDULILLAH FILLING","10","Punjab","","","","","73.5694","32.4194","2010-03-19 18:45:00","2012-06-19 13:38:00","2","Lorem ipsum dolor sit amet, consectetur adipiscing elit. Quisque commodo lobortis leo non luctus.","","","","Active","","","","","N/A","","","","","","","",""
"11","2010337","DORC","ALI FILLING STATION - FSB","11","Punjab","","","","","73.2543","31.0639","2010-03-19 18:45:00","2010-03-19 18:45:00","2","Lorem ipsum dolor sit amet, consectetur adipiscing elit. Quisque commodo lobortis leo non luctus.","","","","Active","","","","","N/A","","","","","","","",""
"12","2010369","DORC","ALI FILLING STATION - SHEIKHUPURA","12","Punjab","","","","","73.6286","31.8249","2010-03-19 18:45:00","2003-09-19 11:16:00","2","Lorem ipsum dolor sit amet, consectetur adipiscing elit. Quisque commodo lobortis leo non luctus.","","","","Active","","","","","N/A","","","","","","","",""
"13","2010167","DORC","ALLAH O AKBAR F/S","13","Punjab","","","","","73.1284","31.0406","2010-03-19 18:45:00","2023-07-19 11:15:00","2","Lorem ipsum dolor sit amet, consectetur adipiscing elit. Quisque commodo lobortis leo non luctus.","","","","Active","","","","","N/A","","","","","","","",""
"14","2010114","DORC","ALLAHDDIN FUELS","14","Punjab","","","","","73.9563","32.8011","2010-03-19 18:45:00","2010-03-19 18:45:00","2","Lorem ipsum dolor sit amet, consectetur adipiscing elit. Quisque commodo lobortis leo non luctus.","","","","Active","","","","","N/A","","","","","","","",""
"15","2010013","DORC","AL-NOOR FILLING STATION-LHR","15","Punjab","","","","","74.136","31.6633","2010-03-19 18:45:00","2016-05-19 11:21:00","2","Lorem ipsum dolor sit amet, consectetur adipiscing elit. Quisque commodo lobortis leo non luctus.","","","","Active","","","","","N/A","","","","","","","",""
"16","2010018","DORC","AMEEN PETROLIUM SERVICES","16","Punjab","","","","","74.5541","32.4701","2010-03-19 18:45:00","2010-03-19 18:45:00","2","Lorem ipsum dolor sit amet, consectetur adipiscing elit. Quisque commodo lobortis leo non luctus.","","","","Active","","","","","N/A","","","","","","","",""
"17","2010172","DORC","BAHOO PETROLEUM SERVICE","17","Punjab","","","","","72.4679","30.9827","2010-03-19 18:45:00","2010-03-19 18:45:00","2","Lorem ipsum dolor sit amet, consectetur adipiscing elit. Quisque commodo lobortis leo non luctus.","","","","Active","","","","","N/A","","","","","","","",""
"18","2010022","DORC","BAKSHI PETROLEUM SERVICE(CDB001)","18","Punjab","","","","","73.0081","31.7299","2010-03-19 18:45:00","2010-03-19 18:45:00","2","Lorem ipsum dolor sit amet, consectetur adipiscing elit. Quisque commodo lobortis leo non luctus.","","","","Active","","","","","N/A","","","","","","","",""
"19","2010101","DORC","BALOCH FILLING STATION","19","Punjab","","","","","74.4637","31.1026","2010-03-19 18:45:00","2010-03-19 18:45:00","2","Lorem ipsum dolor sit amet, consectetur adipiscing elit. Quisque commodo lobortis leo non luctus.","","","","Active","","","","","N/A","","","","","","","",""
"20","2010026","DORC","BEC CNG & FILLING STATION","20","Punjab","","","","","74.0075","31.7439","2010-03-19 18:45:00","2010-03-19 18:45:00","2","Lorem ipsum dolor sit amet, consectetur adipiscing elit. Quisque commodo lobortis leo non luctus.","","","","Active","","","","","N/A","","","","","","","",""
"21","2010024","DORC","BEGUKA PETROLEUM SERVICE","21","Punjab","","","","","74.2508","31.2266","2010-03-19 18:45:00","2010-04-19 11:40:00","2","Lorem ipsum dolor sit amet, consectetur adipiscing elit. Quisque commodo lobortis leo non luctus.","","","","Active","","","","","N/A","","","","","","","",""
"22","2010027","DORC","BHATTI PETROLEUM SERVICES","22","Punjab","","","","","73.2028","32.5512","2010-03-19 18:45:00","2015-05-19 09:44:00","2","Lorem ipsum dolor sit amet, consectetur adipiscing elit. Quisque commodo lobortis leo non luctus.","","","","Active","","","","","N/A","","","","","","","",""
"23","2010176","DORC","BILAL ALI PETROLEUM - C","23","Punjab","","","","","72.636","31.9288","2010-03-19 18:45:00","2027-05-19 11:48:00","2","Lorem ipsum dolor sit amet, consectetur adipiscing elit. Quisque commodo lobortis leo non luctus.","","","","Active","","","","","N/A","","","","","","","",""
"24","2010030","DORC","BUKHARI FILLING STATION","24","Punjab","","","","","72.9293","31.6878","2010-03-19 18:45:00","2010-03-19 18:45:00","2","Lorem ipsum dolor sit amet, consectetur adipiscing elit. Quisque commodo lobortis leo non luctus.","","","","Active","","","","","N/A","","","","","","","",""
"25","2010178","DORC","BUTT PETROLEUM","25","Punjab","","","","","73.4985","32.5232","2010-03-19 18:45:00","2019-10-30 15:59:24","2","Lorem ipsum dolor sit amet, consectetur adipiscing elit. Quisque commodo lobortis leo non luctus.","","","","Active","","","","","N/A","","","","","","","",""
"26","2010031","DORC","CHAND FILLING STATION","26","Punjab","","","","","72.4128","30.7407","2010-03-19 18:45:00","2022-04-19 09:45:00","2","Lorem ipsum dolor sit amet, consectetur adipiscing elit. Quisque commodo lobortis leo non luctus.","","","","Active","","","","","N/A","","","","","","","",""
"27","2010033","DORC","CHEEMA OIL TRADERS","27","Punjab","","","","","73.2862","32.1737","2010-03-19 18:45:00","2010-03-19 18:45:00","2","Lorem ipsum dolor sit amet, consectetur adipiscing elit. Quisque commodo lobortis leo non luctus.","","","","Active","","","","","N/A","","","","","","","",""
"28","2010181","DORC","CHINIOT FILLING STATION - C","28","Punjab","","","","","72.9679","31.704","2010-03-19 18:45:00","2010-03-19 18:45:00","2","Lorem ipsum dolor sit amet, consectetur adipiscing elit. Quisque commodo lobortis leo non luctus.","","","","Active","","","","","N/A","","","","","","","",""
"29","2010036","DORC","FAISAL USMAN PETROLEUM SERVICE","29","Punjab","","","","","72.7443","31.9204","2010-03-19 18:45:00","2010-03-19 18:45:00","2","Lorem ipsum dolor sit amet, consectetur adipiscing elit. Quisque commodo lobortis leo non luctus.","","","","Active","","","","","N/A","","","","","","","",""
"30","2010185","DORC","FAST FILL FILLING STATION","30","Punjab","","","","","74.2379","31.6037","2010-03-19 18:45:00","2010-03-19 18:45:00","2","Lorem ipsum dolor sit amet, consectetur adipiscing elit. Quisque commodo lobortis leo non luctus.","","","","Active","","","","","N/A","","","","","","","",""
"31","2010186","DORC","FAZAL NAEEM F/ STATION","31","Punjab","","","","","72.3267","30.693","2010-03-19 18:45:00","2022-04-19 10:03:00","2","Lorem ipsum dolor sit amet, consectetur adipiscing elit. Quisque commodo lobortis leo non luctus.","","","","Active","","","","","N/A","","","","","","","",""
"32","2010038","DORC","FAZAL P/S B","32","Punjab","","","","","73.048","32.4832","2010-03-19 18:45:00","2019-10-17 09:21:07","2","Lorem ipsum dolor sit amet, consectetur adipiscing elit. Quisque commodo lobortis leo non luctus.","","","","Active","","","","","N/A","","","","","","","",""
"33","2010189","DORC","GHAZI PETROLEUM SERVICE - FSB","33","Punjab","","","","","73.1699","31.3159","2010-03-19 18:45:00","2010-03-19 18:45:00","2","Lorem ipsum dolor sit amet, consectetur adipiscing elit. Quisque commodo lobortis leo non luctus.","","","","Active","","","","","N/A","","","","","","","",""
"34","2010191","DORC","GHULAM MOHAMMAD FILLING STATION - C","34","Punjab","","","","","74.3482","31.4427","2010-03-19 18:45:00","2010-03-19 18:45:00","2","Lorem ipsum dolor sit amet, consectetur adipiscing elit. Quisque commodo lobortis leo non luctus.","","","","Active","","","","","N/A","","","","","","","",""
"35","2010335","DORC","GULF CNG & PETROLEUM SERVICE","35","Punjab","","","","","73.9368","31.6633","2010-03-19 18:45:00","2010-03-19 18:45:00","2","Lorem ipsum dolor sit amet, consectetur adipiscing elit. Quisque commodo lobortis leo non luctus.","","","","Active","","","","","N/A","","","","","","","",""
"36","2010205","DORC","HASNAIN FILLING STATION","36","Punjab","","","","","72.7293","31.9588","2010-03-19 18:45:00","2010-03-19 18:45:00","2","Lorem ipsum dolor sit amet, consectetur adipiscing elit. Quisque commodo lobortis leo non luctus.","","","","Active","","","","","N/A","","","","","","","",""
"37","2010341","DORC","ISMAIL PETROLEUM SERVICE","37","Punjab","","","","","72.0019","30.8267","2010-03-19 18:45:00","2022-04-19 12:03:00","2","Lorem ipsum dolor sit amet, consectetur adipiscing elit. Quisque commodo lobortis leo non luctus.","","","","Active","","","","","N/A","","","","","","","",""
"38","2010321","DORC","ITTEFAQ P/S-TOBA TEK SING","38","Punjab","","","","","72.5856","31.052","2010-03-19 18:45:00","2019-09-29 21:06:37","2","Lorem ipsum dolor sit amet, consectetur adipiscing elit. Quisque commodo lobortis leo non luctus.","","","","Active","","","","","N/A","","","","","","","",""
"39","2010212","DORC","J.K FILLING STATION","39","Punjab","","","","","73.7066","32.0647","2010-03-19 18:45:00","2010-03-19 18:45:00","2","Lorem ipsum dolor sit amet, consectetur adipiscing elit. Quisque commodo lobortis leo non luctus.","","","","Active","","","","","N/A","","","","","","","",""
"40","2010051","DORC","KASHMAAL PETROLEUM SERVICES","40","Punjab","","","","","73.772","32.5111","2010-03-19 18:45:00","2010-03-19 18:45:00","2","Lorem ipsum dolor sit amet, consectetur adipiscing elit. Quisque commodo lobortis leo non luctus.","","","","Active","","","","","N/A","","","","","","","",""
"41","2010223","DORC","KHALIQ SONS PETROLEUM SERVICE - FSB","41","Punjab","","","","","72.9381","31.0416","2010-03-19 18:45:00","2023-04-19 10:04:00","2","Lorem ipsum dolor sit amet, consectetur adipiscing elit. Quisque commodo lobortis leo non luctus.","","","","Active","","","","","N/A","","","","","","","",""
"42","2010308","DORC","KHUSHI FILLING STATION","42","Punjab","","","","","73.9262","31.7252","2010-03-19 18:45:00","2010-03-19 18:45:00","2","Lorem ipsum dolor sit amet, consectetur adipiscing elit. Quisque commodo lobortis leo non luctus.","","","","Active","","","","","N/A","","","","","","","",""
"43","2010228","DORC","LALIAN FILLING STATION - FSB","43","Punjab","","","","","72.7926","31.8428","2010-03-19 18:45:00","2010-03-19 18:45:00","2","Lorem ipsum dolor sit amet, consectetur adipiscing elit. Quisque commodo lobortis leo non luctus.","","","","Active","","","","","N/A","","","","","","","",""
"44","2010058","DORC","M2 CNG FILLING STATION","44","Punjab","","","","","74.2255","31.599","2010-03-19 18:45:00","2010-03-19 18:45:00","2","Lorem ipsum dolor sit amet, consectetur adipiscing elit. Quisque commodo lobortis leo non luctus.","","","","Active","","","","","N/A","","","","","","","",""
"45","2010061","DORC","MADNI PETROLEUM SERVICES","45","Punjab","","","","","74.5576","32.2891","2010-03-19 18:45:00","2010-03-19 18:45:00","2","Lorem ipsum dolor sit amet, consectetur adipiscing elit. Quisque commodo lobortis leo non luctus.","","","","Active","","","","","N/A","","","","","","","",""
"46","2010062","DORC","MAKEN BROTHERS CNG & F/S","46","Punjab","","","","","72.9381","32.0447","2010-03-19 18:45:00","2010-03-19 18:45:00","2","Lorem ipsum dolor sit amet, consectetur adipiscing elit. Quisque commodo lobortis leo non luctus.","","","","Active","","","","","N/A","","","","","","","",""
"47","2010314","DORC","MALIK TRADERS","47","Punjab","","","","","73.8486","31.026","2010-03-19 18:45:00","2011-09-19 10:40:00","2","Lorem ipsum dolor sit amet, consectetur adipiscing elit. Quisque commodo lobortis leo non luctus.","","","","Active","","","","","N/A","","","","","","","",""
"48","2010239","DORC","MIAN FILLING STATION - FSB","48","Punjab","","","","","73.2578","31.6502","2010-03-19 18:45:00","2010-03-19 18:45:00","2","Lorem ipsum dolor sit amet, consectetur adipiscing elit. Quisque commodo lobortis leo non luctus.","","","","Active","","","","","N/A","","","","","","","",""
"49","2010242","DORC","MURAD FILLING STATION - FSB","49","Punjab","","","","","73.6053","31.5884","2010-03-19 18:45:00","2002-09-19 09:47:00","2","Lorem ipsum dolor sit amet, consectetur adipiscing elit. Quisque commodo lobortis leo non luctus.","","","","Active","","","","","N/A","","","","","","","",""
"50","2010243","DORC","MURTAZA FILLING STATION","50","Punjab","","","","","73.0148","31.6505","2010-03-19 18:45:00","2024-04-19 08:30:00","2","Lorem ipsum dolor sit amet, consectetur adipiscing elit. Quisque commodo lobortis leo non luctus.","","","","Active","","","","","N/A","","","","","","","",""
"51","2010074","DORC","NOOR FILLING STATION - CENTRAL","51","Punjab","","","","","74.1062","31.1739","2010-03-19 18:45:00","2010-03-19 18:45:00","2","Lorem ipsum dolor sit amet, consectetur adipiscing elit. Quisque commodo lobortis leo non luctus.","","","","Active","","","","","N/A","","","","","","","",""
"52","2010251","DORC","QAMAR PETROLEUM SERVICE","52","Punjab","","","","","74.0799","30.972","2010-03-19 18:45:00","2010-03-19 18:45:00","2","Lorem ipsum dolor sit amet, consectetur adipiscing elit. Quisque commodo lobortis leo non luctus.","","","","Active","","","","","N/A","","","","","","","",""
"53","2010253","DORC","RAI FILLING STATION","53","Punjab","","","","","72.9422","31.4008","2010-03-19 18:45:00","2010-03-19 18:45:00","2","Lorem ipsum dolor sit amet, consectetur adipiscing elit. Quisque commodo lobortis leo non luctus.","","","","Active","","","","","N/A","","","","","","","",""
"54","2010257","DORC","RUKKUN PETROLEUM SERVICES","54","Punjab","","","","","73.4038","32.4564","2010-03-19 18:45:00","2016-05-19 11:04:00","2","Lorem ipsum dolor sit amet, consectetur adipiscing elit. Quisque commodo lobortis leo non luctus.","","","","Active","","","","","N/A","","","","","","","",""
"55","2010116","DORC","SAAD AYYAN PETROLEUM SERVICE","55","Punjab","","","","","74.8935","32.3383","2010-03-19 18:45:00","2010-03-19 18:45:00","2","Lorem ipsum dolor sit amet, consectetur adipiscing elit. Quisque commodo lobortis leo non luctus.","","","","Active","","","","","N/A","","","","","","","",""
"56","2010260","DORC","SADAF FILLING STATION - JHANG","56","Punjab","","","","","72.3618","31.2539","2010-03-19 18:45:00","2010-03-19 18:45:00","2","Lorem ipsum dolor sit amet, consectetur adipiscing elit. Quisque commodo lobortis leo non luctus.","","","","Active","","","","","N/A","","","","","","","",""
"57","2010081","DORC","SAHI FILLING STATION - B","57","Punjab","","","","","74.4118","32.3156","2010-03-19 18:45:00","2010-03-19 18:45:00","2","Lorem ipsum dolor sit amet, consectetur adipiscing elit. Quisque commodo lobortis leo non luctus.","","","","Active","","","","","N/A","","","","","","","",""
"58","2010262","DORC","SAHI FILLING STATION - O","58","Punjab","","","","","74.3936","32.3508","2010-03-19 18:45:00","2029-07-19 14:37:00","2","Lorem ipsum dolor sit amet, consectetur adipiscing elit. Quisque commodo lobortis leo non luctus.","","","","Active","","","","","N/A","","","","","","","",""
"59","2010270","DORC","SHAH DAULAT PETROLEUM SERVICES","59","Punjab","","","","","72.9722","31.6507","2010-03-19 18:45:00","2010-03-19 18:45:00","2","Lorem ipsum dolor sit amet, consectetur adipiscing elit. Quisque commodo lobortis leo non luctus.","","","","Active","","","","","N/A","","","","","","","",""
"60","2010339","DORC","SHANDAR PETROLEUM","60","Punjab","","","","","74.1511","31.3917","2010-03-19 18:45:00","2010-03-19 18:45:00","2","Lorem ipsum dolor sit amet, consectetur adipiscing elit. Quisque commodo lobortis leo non luctus.","","","","Active","","","","","N/A","","","","","","","",""
"61","2010375","DORC","SHEIKH NAZAR MUHAMMAD P/S","61","Punjab","","","","","72.3512","31.1879","2010-03-19 18:45:00","2025-04-19 13:21:00","2","Lorem ipsum dolor sit amet, consectetur adipiscing elit. Quisque commodo lobortis leo non luctus.","","","","Active","","","","","N/A","","","","","","","",""
"62","2010322","DORC","SHER E RABBANI P/S","62","Punjab","Sheikhupura","Muridke","Grand Trunk Rd, Muridke, Sheikhupura, Punjab","","74.2585","31.778","2010-03-19 18:45:00","2027-03-19 09:52:00","2","Lorem ipsum dolor sit amet, consectetur adipiscing elit. Quisque commodo lobortis leo non luctus.","","","","Active","","","","","N/A","","","","","","","",""
"63","2010277","DORC","SHORKOT FILLING STATION - SHORKOT","0","Punjab","","","","","72.0751","30.8291","2010-03-19 18:45:00","2010-03-19 18:45:00","2","Lorem ipsum dolor sit amet, consectetur adipiscing elit. Quisque commodo lobortis leo non luctus.","","","","Active","","","","","N/A","","","","","","","",""
"64","2010282","DORC","SUBHAN ALLAH FILLING STATION - GOJRA","63","Punjab","","","","","73.3157","32.4064","2010-03-19 18:45:00","2010-03-19 18:45:00","2","Lorem ipsum dolor sit amet, consectetur adipiscing elit. Quisque commodo lobortis leo non luctus.","","","","Active","","","","","N/A","","","","","","","",""
"65","2010093","DORC","TAHIR CNG & F/S","64","Punjab","","","","","74.2699","31.7182","2010-03-19 18:45:00","2010-03-19 18:45:00","2","Lorem ipsum dolor sit amet, consectetur adipiscing elit. Quisque commodo lobortis leo non luctus.","","","","Active","","","","","N/A","","","","","","","",""
"66","2010108","DORC","TAJ PETROLEUM SERVICE - GUJRANWALA","65","Punjab","","","","","74.2386","32.1672","2010-03-19 18:45:00","2010-03-19 18:45:00","2","Lorem ipsum dolor sit amet, consectetur adipiscing elit. Quisque commodo lobortis leo non luctus.","","","","Active","","","","","N/A","","","","","","","",""
"67","2010094","DORC","TARRAR PETROLEUM SERVICES","66","Punjab","","","","","73.5464","32.1895","2010-03-19 18:45:00","2008-07-19 12:35:00","2","Lorem ipsum dolor sit amet, consectetur adipiscing elit. Quisque commodo lobortis leo non luctus.","","","","Active","","","","","N/A","","","","","","","",""
"68","2010286","DORC","TOOR PETROLEUM SERVICE - SARGODHA","67","Punjab","","","","","72.9473","32.0403","2010-03-19 18:45:00","2022-04-19 12:08:00","2","Lorem ipsum dolor sit amet, consectetur adipiscing elit. Quisque commodo lobortis leo non luctus.","","","","Active","","","","","N/A","","","","","","","",""
"69","2010287","DORC","TUFAIL CHOHAN FILLING STATION - CENTRAL","68","Punjab","","","","","74.8912","32.2639","2010-03-19 18:45:00","2010-03-19 18:45:00","2","Lorem ipsum dolor sit amet, consectetur adipiscing elit. Quisque commodo lobortis leo non luctus.","","","","Active","","","","","N/A","","","","","","","",""
"70","2010290","DORC","UMAR PETROLEUM SERVICE - FSB","69","Punjab","","","","","73.1323","31.4709","2010-03-19 18:45:00","2010-03-19 18:45:00","2","Lorem ipsum dolor sit amet, consectetur adipiscing elit. Quisque commodo lobortis leo non luctus.","","","","Active","","","","","N/A","","","","","","","",""
"71","2010292","DORC","VIRK FILLING STATION -C","70","Punjab","","","","","74.3138","32.1231","2010-03-19 18:45:00","2010-03-19 18:45:00","2","Lorem ipsum dolor sit amet, consectetur adipiscing elit. Quisque commodo lobortis leo non luctus.","","","","Active","","","","","N/A","","","","","","","",""
"72","2010352","DORC","VIRK PETROLEUM STATION - ZAFARWAL","71","Punjab","","","","","74.8912","32.2639","2010-03-19 18:45:00","2010-03-19 18:45:00","2","Lorem ipsum dolor sit amet, consectetur adipiscing elit. Quisque commodo lobortis leo non luctus.","","","","Active","","","","","N/A","","","","","","","",""
"73","2010297","DORC","YOUNAS PETROLEUM SERVICES","72","Punjab","","","","","75.0312","32.3023","2010-03-19 18:45:00","2010-03-19 18:45:00","2","Lorem ipsum dolor sit amet, consectetur adipiscing elit. Quisque commodo lobortis leo non luctus.","","","","Active","","","","","N/A","","","","","","","",""
"74","0","","Testing - Central Region","73","Punjab","Lahore","Lahore","Mall of Lahore","","74.3787","31.5295","2011-03-19 01:50:00","2014-07-19 17:58:00","2","Lorem ipsum dolor sit amet, consectetur adipiscing elit, sed do eiusmod tempor incididunt ut labore et dolore magna aliqua. Ut enim ad minim veniam, quis nostrud exercitation ullamco laboris nisi ut aliquip ex.","","","11/03/19","Active","","","","","","","","","","","","",""
"75","2010136","DORM","ADNAN PETROLEUM SERVICE -C","74","Pujab","","","","","71.9008","29.622","2011-05-20 00:07:00","2019-10-18 07:38:00","3","","","","","Active","","","","","N/A","","","","","","","",""
"76","2010216","DORM","JHOOLEY LAL PETROLEUM SERVICE","75","Pujab","","","","","71.8525","30.1361","2011-05-20 00:07:00","2020-05-19 12:25:00","3","","","","","Active","","","","","N/A","","","","","","","",""
"77","2010141","DORM","AHMAD TAJ P/S - BUREWALA","76","Pujab","","","","","72.7117","30.1639","2011-05-20 00:07:00","2011-05-20 00:07:00","3","","","","","Active","","","","","N/A","","","","","","","",""
"78","2010149","DORM","AL - KAREEM PETROLEUM SERVICE ( BHAWALPUR )","77","Pujab","","","","","71.7515","29.3654","2011-05-20 00:07:00","2019-10-18 06:45:01","3","","","","","Active","","","","","N/A","","","","","","","",""
"79","2010150","DORM","AL - MADINA PETROLEUM SERVICE","78","Pujab","","","","","72.7083","29.5644","2011-05-20 00:07:00","2019-10-18 06:47:20","3","","","","","Active","","","","","N/A","","","","","","","",""
"80","2010173","DORM","BASHIR & SONS PETROLEUM","79","Pujab","","","","","72.024","30.1016","2011-05-20 00:07:00","2021-05-19 09:07:00","3","","","","","Active","","","","","N/A","","","","","","","",""
"81","2010319","DORM","BHATTI CNG & PETROLEUM SERVICE","80","Pujab","","","","","71.5502","30.226","2011-05-20 00:07:00","2011-05-20 00:07:00","3","","","","","Active","","","","","N/A","","","","","","","",""
"82","2010113","DORM","BHAWALPUR PETROLEUM SERVICE","81","Pujab","","","","","71.6751","29.4077","2011-05-20 00:07:00","2013-06-19 09:56:00","3","","","","","Active","","","","","N/A","","","","","","","",""
"83","2010029","DORM","BODLA PETROLEUM SERVICES(CDB002)","82","Pujab","","","","","72.8656","30.2936","2011-05-20 00:07:00","2011-05-20 00:07:00","3","","","","","Active","","","","","N/A","","","","","","","",""
"84","2010340","DORC","FAZAL PETROLEUM SERVICE","83","Pujab","","","","","71.9524","30.0056","2011-05-20 00:07:00","2011-05-20 00:07:00","3","","","","","Active","","","","","N/A","","","","","","","",""
"85","2010195","DORM","GONDAL PETROLEUM SERVICES","84","Pujab","","","","","72.0519","30.5864","2011-05-20 00:07:00","2011-05-20 00:07:00","3","","","","","Active","","","","","N/A","","","","","","","",""
"86","2010196","DORM","GORAYA PETROLEUM SERVICES","85","Pujab","","","","","72.6983","29.4995","2011-05-20 00:07:00","2024-05-19 10:35:00","3","","","","","Active","","","","","N/A","","","","","","","",""
"87","2010041","DORM","HAJJI ASLAM PETROLEUM SERVICES","86","Pujab","","","","","71.726","29.3827","2011-05-20 00:07:00","2012-09-19 12:26:00","3","","","","","Active","","","","","N/A","","","","","","","",""
"88","2010043","DORM","HAMZA KHAN FILLING STATION","87","Pujab","","","","","71.8905","29.9778","2011-05-20 00:07:00","2011-05-20 00:07:00","3","","","","","Active","","","","","N/A","","","","","","","",""
"89","2010361","DORM","HAMZA CNG & FILLING STATION","88","Pujab","","","","","71.5051","30.2097","2011-05-20 00:07:00","2004-06-19 09:49:00","3","","","","","Active","","","","","N/A","","","","","","","",""
"90","2010336","DORM","HAROON PETROLEUM STATION","89","Pujab","","","","","72.4266","29.6879","2011-05-20 00:07:00","2019-10-18 06:48:06","3","","","","","Active","","","","","N/A","","","","","","","",""
"91","2010204","DORM","HASILPUR FILLING STATION - C","90","Pujab","","","","","72.5188","29.6876","2011-05-20 00:07:00","2019-10-18 06:46:22","3","","","","","Active","","","","","N/A","","","","","","","",""
"92","2010102","DORM","INEX CNG & PETROLEUM SERVICE","91","Pujab","","","","","71.493","30.1407","2011-05-20 00:07:00","2011-05-20 00:07:00","3","","","","","Active","","","","","N/A","","","","","","","",""
"93","2010209","DORM","IQBAL PETROLEUM SERVICES","92","Pujab","","","","","72.2963","29.5948","2011-05-20 00:07:00","2019-10-18 06:48:26","3","","","","","Active","","","","","N/A","","","","","","","",""
"94","2010365","DORM","MALIK FILLING STATION","93","Pujab","","","","","71.7418","29.1002","2011-05-20 00:07:00","2021-08-19 10:12:00","3","","","","","Active","","","","","N/A","","","","","","","",""
"95","2010320","DORM","KHAWAJA AND COMPANY P/S","94","Pujab","","","","","71.4655","30.1337","2011-05-20 00:07:00","2011-05-20 00:07:00","3","","","","","Active","","","","","N/A","","","","","","","",""
"96","2010229","DORM","MAASHAALLAH FILLING STATION (MULTAN)","95","Pujab","","","","","71.4793","30.2009","2011-05-20 00:07:00","2018-09-19 10:00:00","3","","","","","Active","","","","","N/A","","","","","","","",""
"97","2010235","DORM","MASOOD PETROLEUM SERVICE","96","Pujab","","","","","71.9586","29.4588","2011-05-20 00:07:00","2019-10-18 06:48:49","3","","","","","Active","","","","","N/A","","","","","","","",""
"98","2010246","DORM","NOMAN PETROLEUM SERVICE","97","Pujab","","","","","71.8158","29.6001","2011-05-20 00:07:00","2019-10-18 07:37:34","3","","","","","Active","","","","","N/A","","","","","","","",""
"99","2010356","DORM","NOOR ABBAS FILLING STATION","98","Pujab","","","","","71.5569","30.1771","2011-05-20 00:07:00","2011-05-20 00:07:00","3","","","","","Active","","","","","N/A","","","","","","","",""
"100","2010075","DORM","OSAMA TARRAR FILLING STATION","99","Pujab","","","","","72.3374","30.0534","2011-05-20 00:07:00","2011-05-20 00:07:00","3","","","","","Active","","","","","N/A","","","","","","","",""
"101","2010328","DORM","SHAHEEN PETROLEUM SERVICE","100","Pujab","","","","","71.5353","29.8576","2011-05-20 00:07:00","2011-05-20 00:07:00","3","","","","","Active","","","","","N/A","","","","","","","",""
"102","2010090","DORM","SUHAIL FILLING STATION","101","Pujab","","","","","71.956","30.2243","2011-05-20 00:07:00","2014-09-19 10:21:00","3","","","","","Active","","","","","N/A","","","","","","","",""
"103","2010284","DORM","SUPER STAR PETROLEUM SERVICES","102","Pujab","","","","","71.5034","29.4965","2011-05-20 00:07:00","2019-10-18 07:38:18","3","","","","","Active","","","","","N/A","","","","","","","",""
"104","2010099","DORM","SUPER TEHSIN PETROLEUM SERVICES","103","Pujab","","","","","71.7776","30.0246","2011-05-20 00:07:00","2011-05-20 00:07:00","3","","","","","Active","","","","","N/A","","","","","","","",""
"105","2010285","DORM","TAMOOR FILLING STATION","104","Pujab","","","","","71.8345","29.4081","2011-05-20 00:07:00","2019-10-18 06:49:10","3","","","","","Active","","","","","N/A","","","","","","","",""
"106","2010295","DORM","WASEEB PETROLEUM SERVICE","105","Pujab","","","","","72.132","30.4529","2011-05-20 00:07:00","2020-05-19 10:32:00","3","","","","","Active","","","","","N/A","","","","","","","",""
"107","2010296","DORM","WAZIR PETROLEUM SERVICE","106","Pujab","","","","","71.953","30.525","2011-05-20 00:07:00","2020-05-19 08:10:00","3","","","","","Active","","","","","N/A","","","","","","","",""
"108","2010363","DORM","MALIK PETROLEUM SERVICES","107","Pujab","","","","","71.3783","29.252","2011-05-20 00:07:00","2017-09-19 14:20:00","3","","","","","Active","","","","","N/A","","","","","","","",""
"109","2010364","DORM","WELCOME PETROLEUM SERVICE","108","Pujab","","","","","71.731","29.2797","2011-05-20 00:07:00","2021-08-19 09:10:00","3","","","","","Active","","","","","N/A","","","","","","","",""
"110","2010367","DORM","QAISRANI FILLING STATION","109","Pujab","","","","","71.4364","30.2101","2011-05-20 00:07:00","2014-05-19 11:23:00","3","","","","","Active","","","","","N/A","","","","","","","",""
"111","2010374","DORM","SANGAM FILLING STATION","110","Pujab","","","","","71.6342","29.3673","2011-05-20 00:07:00","2017-09-19 13:19:00","3","","","","","Active","","","","","N/A","","","","","","","",""
"112","2010377","DORM","ZEESHAN FILLING STATION","111","Pujab","","","","","71.7718","30.3456","2011-05-20 00:07:00","2020-05-19 06:48:00","3","","","","","Active","","","","","N/A","","","","","","","",""
"113","2010366","DORM","SHADI KHAIL FILLING STATION","112","Pujab","","","","","71.5194","29.9152","2011-05-20 00:07:00","2004-06-19 09:50:00","3","","","","","Active","","","","","N/A","","","","","","","",""
"114","2010002","DORM","ADNAN WALEED FILLING STATION","113","Pujab","","","","","70.6205","30.0222","2011-05-20 00:07:00","2021-08-19 09:12:00","3","","","","","Active","","","","","N/A","","","","","","","",""
"115","2010133","DORM","ABDUL MAJEED F/S - MZF","114","Pujab","","","","","71.1234","29.8798","2011-05-20 00:07:00","2021-05-19 08:49:00","3","","","","","Active","","","","","N/A","","","","","","","",""
"116","2010140","DORM","AHMAD PETROLEUM SERVICE - MZF","115","Pujab","","","","","71.0642","29.7542","2011-05-20 00:07:00","2021-05-19 10:21:00","3","","","","","Active","","","","","N/A","","","","","","","",""
"117","2010005","DORM","AL AZMAT PETROLEUM SERVICES","116","Pujab","","","","","70.5365","29.3447","2011-05-20 00:07:00","2023-05-19 07:14:00","3","","","","","Active","","","","","N/A","","","","","","","",""
"118","2010007","DORM","AL-HAQ FILLING STATION","117","Pujab","","","","","71.0128","30.9668","2011-05-20 00:07:00","2019-09-19 07:59:00","3","","","","","Active","","","","","N/A","","","","","","","",""
"119","2010011","DORM","AL-MOEEZ PETROLEUM SERVICE(CDA001)","118","Pujab","","","","","","","2011-05-20 00:07:00","2011-05-20 00:07:00","3","","","","","Active","","","","","N/A","","","","","","","",""
"120","2010015","DORM","AL-SULEMAN PETROLEUM SERVICES","119","Pujab","","","","","70.9389","31.0209","2011-05-20 00:07:00","2011-05-20 00:07:00","3","","","","","Active","","","","","N/A","","","","","","","",""
"121","2010115","DORM","ARM PETROLEUM SERVICE","120","Pujab","","","","","70.5645","29.7534","2011-05-20 00:07:00","2023-05-19 09:58:00","3","","","","","Active","","","","","N/A","","","","","","","",""
"122","2010170","DORM","AWAN FRIENDS FILLING STATION (LAYYAH)","121","Pujab","","","","","70.9576","31.2095","2011-05-20 00:07:00","2020-05-19 11:24:00","3","","","","","Active","","","","","N/A","","","","","","","",""
"123","2010025","DORM","BHAKKAR FILLING STATION","122","Pujab","","","","","71.077","31.6577","2011-05-20 00:07:00","2011-05-20 00:07:00","3","","","","","Active","","","","","N/A","","","","","","","",""
"124","2010355","DORM","BABAR FILLING STATION - MCR","123","Pujab","","","","","70.6815","29.9287","2011-05-20 00:07:00","2023-05-19 07:17:00","3","","","","","Active","","","","","N/A","","","","","","","",""
"125","2010032","DORM","CHAUDHRY PETROLEUM SERVICES","124","Pujab","","","","","70.9421","30.7043","2011-05-20 00:07:00","2011-05-20 00:07:00","3","","","","","Active","","","","","N/A","","","","","","","",""
"126","2010188","DORM","G.H FILLING STATION","125","Pujab","","","","","70.9373","30.9339","2011-05-20 00:07:00","2011-05-20 00:07:00","3","","","","","Active","","","","","N/A","","","","","","","",""
"127","2010201","DORM","HAIDER FILLING STATION - LAYYAH","126","Pujab","","","","","70.9424","31.0931","2011-05-20 00:07:00","2011-05-20 00:07:00","3","","","","","Active","","","","","N/A","","","","","","","",""
"128","2010137","DORM","AFRIDI F/S - LAYYAH","127","Pujab","","","","","70.96","30.481","2011-05-20 00:07:00","2004-09-19 08:24:00","3","","","","","Active","","","","","N/A","","","","","","","",""
"129","2010177","DORM","BILAL TRUCKING","128","Pujab","","","","","71.676","30.6312","2011-05-20 00:07:00","2022-05-19 10:37:00","3","","","","","Active","","","","","N/A","","","","","","","",""
"130","2010254","DORM","RANA TRUCKING STATION - RYK","129","Pujab","","","","","70.8192","29.0267","2011-05-20 00:07:00","2022-05-19 10:36:00","3","","","","","Active","","","","","N/A","","","","","","","",""
"131","2010224","DORM","KHAN - II FILLING STATION - MZF","130","Pujab","","","","","71.0184","29.5887","2011-05-20 00:07:00","2021-05-19 10:43:00","3","","","","","Active","","","","","N/A","","","","","","","",""
"132","2010225","DORM","KHAN PETROLEUM","131","Pujab","","","","","71.0832","29.8201","2011-05-20 00:07:00","2021-05-19 09:08:00","3","","","","","Active","","","","","N/A","","","","","","","",""
"133","2010109","DORM","M.M FILLING STATION","132","Pujab","","","","","71.2234","31.3051","2011-05-20 00:07:00","2020-05-19 12:21:00","3","","","","","Active","","","","","N/A","","","","","","","",""
"134","2010066","DORM","MEEZAN USMAN PETROLEUM SERVICES(CDM001)","133","Pujab","","","","","71.0423","29.6929","2011-05-20 00:07:00","2021-05-19 10:23:00","3","","","","","Active","","","","","N/A","","","","","","","",""
"135","2010068","DORM","MKS-3 FILLING STATION","134","Pujab","","","","","70.9883","30.3224","2011-05-20 00:07:00","2011-05-20 00:07:00","3","","","","","Active","","","","","N/A","","","","","","","",""
"136","2010241","DORM","MUHAMMAD PETROLEUM SERVICE","135","Pujab","","","","","71.0266","30.184","2011-05-20 00:07:00","2024-09-19 09:54:00","3","","","","","Active","","","","","N/A","","","","","","","",""
"137","2010118","DORM","NEW BISMILLAH PETROLEUM","136","Pujab","","","","","70.3457","29.1063","2011-05-20 00:07:00","2023-05-19 07:12:00","3","","","","","Active","","","","","N/A","","","","","","","",""
"138","2010309","DORM","QASIM FILLING STATION","137","Pujab","","","","","71.225","30.8155","2011-05-20 00:07:00","2019-10-18 07:11:31","3","","","","","Active","","","","","N/A","","","","","","","",""
"139","2010276","DORM","SHEHZADA WAZIRISTAN F/S -","138","Pujab","","","","","70.4859","29.4044","2011-05-20 00:07:00","2011-05-20 00:07:00","3","","","","","Active","","","","","N/A","","","","","","","",""
"140","2010288","DORM","UMAIS PETROLEUM SERVICE - LAYYAH","139","Pujab","","","","","71.0822","30.9651","2011-05-20 00:07:00","2011-05-20 00:07:00","3","","","","","Active","","","","","N/A","","","","","","","",""
"141","2010299","DORM","YOUSAF NADEEM PETROLEUM","140","Pujab","","","","","70.8592","29.5026","2011-05-20 00:07:00","2022-05-19 08:09:00","3","","","","","Active","","","","","N/A","","","","","","","",""
"142","2010144","DORM","AHSAN PETROLEUM","141","Pujab","","","","","73.1175","29.5919","2011-05-20 00:07:00","2011-05-20 00:07:00","3","","","","","Active","","","","","N/A","","","","","","","",""
"143","2010145","DORM","AKRAM FILLING STATION","142","Pujab","","","","","73.0402","30.4303","2011-05-20 00:07:00","2011-05-20 00:07:00","3","","","","","Active","","","","","N/A","","","","","","","",""
"144","2010317","DORM","AL WALI PET. SER - (CDA : 001)","143","Pujab","","","","","72.7127","30.5108","2011-05-20 00:07:00","2011-05-20 00:07:00","3","","","","","Active","","","","","N/A","","","","","","","",""
"145","2010350","DORM","AL MAKKAH CNG & PETROLEUM STATION","144","Pujab","","","","","72.7093","30.5259","2011-05-20 00:07:00","2028-08-19 13:53:00","3","","","","","Active","","","","","N/A","","","","","","","",""
"146","2010164","DORM","ALI FILLING STATION - SAHIWAL","145","Pujab","","","","","72.8461","30.4984","2011-05-20 00:07:00","2021-05-19 09:39:00","3","","","","","Active","","","","","N/A","","","","","","","",""
"147","2010345","DORM","BABAR FILLING STATION","146","Pujab","","","","","73.8126","30.3976","2011-05-20 00:07:00","2023-05-19 12:38:00","3","","","","","Active","","","","","N/A","","","","","","","",""
"148","2010183","DORM","DOGAR PETROLEUM SERVICE","147","Pujab","","","","","72.9273","30.4951","2011-05-20 00:07:00","2021-05-19 08:37:00","3","","","","","Active","","","","","N/A","","","","","","","",""
"149","2010184","DORM","FAHAD PETROLEUM SERVICE - C","148","Pujab","","","","","72.8338","29.5966","2011-05-20 00:07:00","2011-05-20 00:07:00","3","","","","","Active","","","","","N/A","","","","","","","",""
"150","2010305","DORM","FAISAL PETROLEUM SERVICE","149","Pujab","","","","","73.6753","30.6612","2011-05-20 00:07:00","2011-05-20 00:07:00","3","","","","","Active","","","","","N/A","","","","","","","",""
"151","2010200","DORM","HAFIZ FILLING STATION - PAK PATTAN SHAREEF","150","Pujab","","","","","73.5397","30.3726","2011-05-20 00:07:00","2024-05-19 07:15:00","3","","","","","Active","","","","","N/A","","","","","","","",""
"152","2010206","DORM","HASSAN PETROLEUM SERVICE","151","Pujab","","","","","73.3133","30.9549","2011-05-20 00:07:00","2011-05-20 00:07:00","3","","","","","Active","","","","","N/A","","","","","","","",""
"153","2010211","DORM","ISLAMABAD PETROLEUM SERVICE","152","Pujab","","","","","","","2011-05-20 00:07:00","2011-05-20 00:07:00","3","","","","","Active","","","","","N/A","","","","","","","",""
"154","2010213","DORM","JAHANGIR PETROLEUM SERVICE","153","Pujab","","","","","73.3441","30.387","2011-05-20 00:07:00","2011-05-20 00:07:00","3","","","","","Active","","","","","N/A","","","","","","","",""
"155","2010217","DORM","JODAT FILLING STATION - SHL","154","Pujab","","","","","73.1929","30.8215","2011-05-20 00:07:00","2011-05-20 00:07:00","3","","","","","Active","","","","","N/A","","","","","","","",""
"156","2010220","DORM","KARMANWALA FILLING STATION","155","Pujab","","","","","73.848","30.5669","2011-05-20 00:07:00","2011-05-20 00:07:00","3","","","","","Active","","","","","N/A","","","","","","","",""
"157","2010052","DORM","KASSOWAL PETROLEUM","156","Pujab","","","","","72.5389","30.49","2011-05-20 00:07:00","2011-05-20 00:07:00","3","","","","","Active","","","","","N/A","","","","","","","",""
"158","2010313","DORM","KHARAL PETROLEUM SERVICE","157","Pujab","","","","","73.5915","30.959","2011-05-20 00:07:00","2003-09-19 13:44:00","3","","","","","Active","","","","","N/A","","","","","","","",""
"159","2010333","DORM","MASHALLAH PETROLEUM STATION - SAHIWAL","158","Pujab","","","","","73.0183","30.6758","2011-05-20 00:07:00","2024-07-19 10:02:00","3","","","","","Active","","","","","N/A","","","","","","","",""
"160","2010069","DORM","MUDASSIR FILLING STATION","159","Pujab","","","","","72.8646","30.6371","2011-05-20 00:07:00","2011-05-20 00:07:00","3","","","","","Active","","","","","N/A","","","","","","","",""
"161","2010343","DORM","NAWAZ FILLING STATION","160","Pujab","","","","","73.8389","30.5858","2011-05-20 00:07:00","2011-05-20 00:07:00","3","","","","","Active","","","","","N/A","","","","","","","",""
"162","2010249","DORM","PUNJAB PETROLEUM SERVICE -C","161","Pujab","","","","","73.5581","30.7541","2011-05-20 00:07:00","2023-05-19 08:07:00","3","","","","","Active","","","","","N/A","","","","","","","",""
"163","2010079","DORM","RASOOL FILLING STATION (CDR001)","162","Pujab","","","","","73.4376","30.8599","2011-05-20 00:07:00","2022-05-19 13:23:00","3","","","","","Active","","","","","N/A","","","","","","","",""
"164","2010263","DORM","SALMAN FILLING STATION - C","163","Pujab","","","","","73.8551","30.1957","2011-05-20 00:07:00","2005-09-19 11:51:00","3","","","","","Active","","","","","N/A","","","","","","","",""
"165","2010265","DORM","SARDAR PETROLEUM SERVICES-C","164","Pujab","","","","","72.5343","30.4916","2011-05-20 00:07:00","2011-05-20 00:07:00","3","","","","","Active","","","","","N/A","","","","","","","",""
"166","0","DORM","SONERI FILLING STATION - SAHIWAL","0","Pujab","","","","","","","2011-05-20 00:07:00","2011-05-20 00:07:00","3","","","","","Cancelled","","","","","N/A","","","","","","","",""
"167","2010332","DORM","SULTAN PETROLEUM STATION","165","Pujab","","","","","73.2534","29.9816","2011-05-20 00:07:00","2011-05-20 00:07:00","3","","","","","Active","","","","","N/A","","","","","","","",""
"168","2010095","DORM","TARIQ PETROLEUM SERVICES (A/R)","166","Pujab","","","","","73.3397","30.9427","2011-05-20 00:07:00","2022-05-19 10:39:00","3","","","","","Active","","","","","N/A","","","","","","","",""
"169","0","TEST","Testing - Multan Region","73","Punjab","Multan","","Bukhari Colony, Multan, Punjab, Pakistan","","71.4505","30.1937","2013-05-19 09:42:00","2019-10-18 07:02:05","3","Lorem ipsum dolor sit amet, consectetur adipiscing elit, sed do eiusmod tempor incididunt ut labore et dolore magna aliqua. Ut enim ad minim veniam, quis nostrud exercitation ullamco laboris nisi ut aliquip ex.","","","2019-12-05","Active","","","","","","","","","","","","",""
"171","2010381","DORC","ALI FILLING STATION - KASUR","167","","Lahore","","","","74.1412","31.2634","2016-05-19 11:55:00","2025-07-19 13:14:00","2","","","","","Active","","","","","","","","","","","","",""
"172","2010142","DORN","AHMED USMAN FILLING STATION- GUJRAT","168","","","","","","73.8593","32.4842","2028-05-19 08:28:00","2028-05-19 08:28:00","1","","","","","Active","","","","","N/A","","","","","","","",""
"173","2010146","DORN","AL - FAZAL CNG & FILLING","169","","","","","","74.0789","32.6094","2028-05-19 08:28:00","2003-07-19 09:07:00","1","","","","","Active","","","","","N/A","","","","","","","",""
"174","2010153","DORN","AL - QAIM FILLING STATION","170","","","","","","73.1528","32.616","2028-05-19 08:28:00","2019-12-10 08:08:30","1","","","","","Active","","","","","N/A","","","","","","","",""
"175","2010154","DORN","AL - REHMAN FILLING STATION-CHAKWAL","171","","","","","","72.3233","32.9326","2028-05-19 08:28:00","2019-10-15 09:34:45","1","","","","","Active","","","","","N/A","","","","","","","",""
"176","2010008","DORN","AL HARAM FIILLING STATION","172","","","","","","73.3077","32.5735","2028-05-19 08:28:00","2028-05-19 08:28:00","1","","","","","Active","","","","","N/A","","","","","","","",""
"177","2010327","DORN","AL MALIK CNG & FILLING STATION","173","","","","","","73.0923","33.6289","2028-05-19 08:28:00","2028-05-19 08:28:00","1","","","","","Active","","","","","N/A","","","","","","","",""
"178","2010307","DORN","AL SALEEM CNG & FILLING STATION","174","","","","","","74.1892","32.6358","2028-05-19 08:28:00","2028-05-19 08:28:00","1","","","","","Active","","","","","N/A","","","","","","","",""
"179","2010117","DORN","ALMA CNG & FILLING STATION","175","","","","","","73.1955","33.4735","2028-05-19 08:28:00","2028-05-19 08:28:00","1","","","","","Active","","","","","N/A","","","","","","","",""
"180","2010010","DORN","AL-MANSOOR FILLING STATION","176","","","","","","72.7437","32.7577","2028-05-19 08:28:00","2028-05-19 08:28:00","1","","","","","Active","","","","","N/A","","","","","","","",""
"181","2010193","DORN","GO WELL FILLING STATION","177","","","","","","74.0711","32.5703","2028-05-19 08:28:00","2028-05-19 08:28:00","1","","","","","Active","","","","","N/A","","","","","","","",""
"182","2010049","DORN","JAMAL SAMOTRA","178","","","","","","74.2176","32.77","2028-05-19 08:28:00","2028-05-19 08:28:00","1","","","","","Active","","","","","N/A","","","","","","","",""
"183","2010082","DORN","SAIF FILLING STATION","179","","","","","","72.7996","33.5871","2028-05-19 08:28:00","2028-05-19 08:28:00","1","","","","","Active","","","","","N/A","","","","","","","",""
"184","2010267","DORN","SETCO - 1 FILLING STATION - PINDI","180","","","","","","73.0497","33.6325","2028-05-19 08:28:00","2028-05-19 08:28:00","1","","","","","Active","","","","","N/A","","","","","","","",""
"185","2010268","DORN","SETCO - 2 FILLING STATION - PINDI","181","","","","","","72.8548","33.6088","2028-05-19 08:28:00","2028-05-19 08:28:00","1","","","","","Active","","","","","N/A","","","","","","","",""
"186","2010274","DORN","SHAHMIR CNG & FILLING STATION","182","","","","","","72.0279","33.4433","2028-05-19 08:28:00","2028-05-19 08:28:00","1","","","","","Active","","","","","N/A","","","","","","","",""
"187","2010316","DORN","SHAKRIAL CNG & FILLING STATION","183","","","","","","73.1047","33.6372","2028-05-19 08:28:00","2028-05-19 08:28:00","1","","","","","Active","","","","","N/A","","","","","","","",""
"188","2010373","DORN","LUCKY FILLING STATION - DINA","184","","","","","","73.6057","33.0379","2028-05-19 08:28:00","2019-10-17 08:58:30","1","","","","","Active","","","","","N/A","","","","","","","",""
"189","2010371","DORN","AL NASEEB FILLING STATION","185","","","","","","72.4116","33.2357","2028-05-19 08:28:00","2003-07-19 09:07:00","1","","","","","Active","","","","","N/A","","","","","","","",""
"190","2010342","DORN","CHAKWAL FILLING STATION","186","","","","","","72.6059","32.9423","2028-05-19 08:28:00","2007-08-19 08:27:00","1","","","","","Active","","","","","N/A","","","","","","","",""
"191","2010100","DORN","ATTOCK CNG & F/S","187","","","","","","72.4597","33.8698","2028-05-19 08:28:00","2028-05-19 08:28:00","1","","","","","Active","","","","","N/A","","","","","","","",""
"192","2010171","DORN","AZIZ IQBAL FILLING STATION -","188","","","","","","72.6576","34.0169","2028-05-19 08:28:00","2020-06-19 10:56:00","1","","","","","Active","","","","","N/A","","","","","","","",""
"193","2010194","DORN","GOHARABAD FILLING STATION","189","","","","","","73.1677","34.0971","2028-05-19 08:28:00","2028-05-19 08:28:00","1","","","","","Active","","","","","N/A","","","","","","","",""
"194","2010197","DORN","GORSI FILLING STATION - N","190","","","","","","74.0133","33.3711","2028-05-19 08:28:00","2028-05-19 08:28:00","1","","","","","Active","","","","","N/A","","","","","","","",""
"195","2010202","DORN","HAMMAD PETROLEUM SERVICE","191","","","","","","72.5781","33.8203","2028-05-19 08:28:00","2020-06-19 13:42:00","1","","","","","Active","","","","","N/A","","","","","","","",""
"196","2010207","DORN","HILL VIEW FILLING STATION","192","","","","","","73.7793","33.9765","2028-05-19 08:28:00","2028-05-19 08:28:00","1","","","","","Active","","","","","N/A","","","","","","","",""
"197","2010358","DORN","KAMAL FILLING STATION","193","","","","","","75.6359","35.2846","2028-05-19 08:28:00","2025-07-19 08:57:00","1","","","","","Active","","","","","N/A","","","","","","","",""
"198","2010065","DORN","MAMA FILLING STATION","194","","","","","","74.3322","35.9262","2028-05-19 08:28:00","2028-05-19 08:28:00","1","","","","","Active","","","","","N/A","","","","","","","",""
"199","2010247","DORN","OVERSEAS FILLING STATION","195","","","","","","","","2028-05-19 08:28:00","2028-05-19 08:28:00","1","","","","","Active","","","","","N/A","","","","","","","",""
"200","2010315","DORN","PAC KAMRA FILLING STATION","196","","","","","","72.4364","33.8667","2028-05-19 08:28:00","2028-05-19 08:28:00","1","","","","","Closed","","","","","N/A","","","","","","","",""
"201","2010248","DORN","PANORAMIC FILLING STATION (2-01-0248)","197","","","","","","74.4035","35.8863","2028-05-19 08:28:00","2019-10-17 08:55:05","1","","","","","Active","","","","","N/A","","","","","","","",""
"202","2010252","DORN","QAZI NASEEM FILLING STATION","198","","","","","","72.9341","34.008","2028-05-19 08:28:00","2017-06-19 10:56:00","1","","","","","Active","","","","","N/A","","","","","","","",""
"203","2010294","DORN","WALI PETROLEUM SERVICE","199","","","","","","73.015","34.4964","2028-05-19 08:28:00","2028-05-19 08:28:00","1","","","","","Active","","","","","N/A","","","","","","","",""
"204","2010138","DORN","AFRIDI FILLING STATION PSH","200","","","","","","71.5623","33.9688","2028-05-19 08:28:00","2028-05-19 08:28:00","1","","","","","Active","","","","","N/A","","","","","","","",""
"205","2010306","DORN","AHMAD ZAI FILLING STATION","201","","","","","","70.7222","32.2707","2028-05-19 08:28:00","2028-05-19 08:28:00","1","","","","","Active","","","","","N/A","","","","","","","",""
"206","2010347","DORN","ARSLAN FILLING STATION(2-01-0347)","202","","","","","","72.38","34.1931","2028-05-19 08:28:00","2028-05-19 08:28:00","1","","","","","Active","","","","","N/A","","","","","","","",""
"207","2010166","DORN","ALI REHMAN FILLING STATION","203","","","","","","72.0072","35.0368","2028-05-19 08:28:00","2024-09-19 08:24:00","1","","","","","Active","","","","","N/A","","","","","","","",""
"208","2010017","DORN","AMANULLAH FILLING STATION (2-01-0017)","204","","","","","","71.5437","33.5374","2028-05-19 08:28:00","2028-05-19 08:28:00","1","","","","","Active","","","","","N/A","","","","","","","",""
"209","2010344","DORN","ALI & BROTHERS FILLING STATION (2-01-0344)","205","","","","","","71.8747","34.8658","2028-05-19 08:28:00","2028-05-19 08:28:00","1","","","","","Active","","","","","N/A","","","","","","","",""
"210","2010187","DORN","FLORIDA CNG & FILLING (2-01-0187)","206","","","","","","71.7302","34.0152","2028-05-19 08:28:00","2013-06-19 09:26:00","1","","","","","Active","","","","","N/A","","","","","","","",""
"211","2010190","DORN","GHAZNIKHAIL FILLING STATION DERA ISMAIL KHAN","207","","","","","","70.8949","31.8152","2028-05-19 08:28:00","2028-05-19 08:28:00","1","","","","","Active","","","","","N/A","","","","","","","",""
"212","2010198","DORN","GUL FILLING STATION - NORTH","208","","","","","","72.2284","33.9206","2028-05-19 08:28:00","2028-05-19 08:28:00","1","","","","","Active","","","","","N/A","","","","","","","",""
"213","2010214","DORN","JAMIL FILLING  STATION","209","","","","","","72.0241","33.7858","2028-05-19 08:28:00","2019-11-26 09:49:19","1","","","","","Active","","","","","N/A","","","","","","","",""
"214","2010215","DORN","JAN FILLING STATION - N","210","","","","","","71.7615","34.7934","2028-05-19 08:28:00","2028-05-19 08:28:00","1","","","","","Active","","","","","N/A","","","","","","","",""
"215","2010222","DORN","KHAL PETROLEUM SERVICES(2-01-0222)","211","","","","","","71.9705","34.8884","2028-05-19 08:28:00","2024-09-19 13:28:00","1","","","","","Active","","","","","N/A","","","","","","","",""
"216","2010056","DORN","LD FILLING STATION (2-01-0056)","212","","","","","","71.6199","34.0241","2028-05-19 08:28:00","2012-06-19 07:35:00","1","","","","","Active","","","","","N/A","","","","","","","",""
"217","2010070","DORN","MURAD FILLING STATION(NDM001)(2-01-0070)","213","","","","","","71.9366","35.1295","2028-05-19 08:28:00","2028-05-19 08:28:00","1","","","","","Active","","","","","N/A","","","","","","","",""
"218","2010331","DORN","QUDRATULLAH FILLING STATION","214","","","","","","70.8749","31.8424","2028-05-19 08:28:00","2028-05-19 08:28:00","1","","","","","Active","","","","","N/A","","","","","","","",""
"219","2010256","DORN","RING ROAD FILLING STATION","215","","","","","","71.6223","34.0166","2028-05-19 08:28:00","2028-05-19 08:28:00","1","","","","","Active","","","","","N/A","","","","","","","",""
"220","2010261","DORN","SAEED FILLING STATION","216","","","","","","72.2376","33.9716","2028-05-19 08:28:00","2028-05-19 08:28:00","1","","","","","Active","","","","","N/A","","","","","","","",""
"221","2010084","DORN","SAWABI FILLING STATION","217","","","","","","72.464","34.1039","2028-05-19 08:28:00","2028-05-19 08:28:00","1","","","","","Active","","","","","N/A","","","","","","","",""
"222","2010330","DORN","ZEESHAN TRUCKING STATION (2-01-0330)","218","","","","","","71.4888","33.5217","2028-05-19 08:28:00","2019-07-19 11:48:00","1","","","","","Active","","","","","N/A","","","","","","","",""
"223","2010360","DORN","MAKKA PETROLEUM STATION","219","","","","","","71.0377","32.0803","2028-05-19 08:28:00","2021-08-19 13:45:00","1","","","","","Active","","","","","N/A","","","","","","","",""
"224","2010362","DORN","SEVEN STAR FILLING STATION","220","","","","","","71.4859","34.073","2028-05-19 08:28:00","2014-06-19 08:22:00","1","","","","","Active","","","","","N/A","","","","","","","",""
"225","2010376","DORN","ZAMA FILLING STATION - BUNER","221","","","","","","72.4452","34.3853","2028-05-19 08:28:00","2012-07-19 08:40:00","1","","","","","Active","","","","","N/A","","","","","","","",""
"226","2010382","DORN","NAGAR FILLING STATION - JAFFRABAD","222","","","","","","74.4051","36.2332","2028-05-19 08:28:00","2019-10-18 10:21:09","1","","","","","Active","","","","","N/A","","","","","","","",""
"227","2010004","DORS","AHMED ENTERPRISES (KORANGI F/S)","223","","","","","","67.1441","24.8321","2028-05-19 08:28:00","2028-05-19 08:28:00","4","","","","","Active","","","","","N/A","","","","","","","",""
"228","2010111","DORS","AL - BURHAN FILLING STATION - S","224","","","","","","67.0294","25.0082","2028-05-19 08:28:00","2028-05-19 08:28:00","4","","","","","Active","","","","","N/A","","","","","","","",""
"229","2010012","DORS","AL NOOR (KARACHI) F/S.","225","","","","","","67.2081","24.8255","2028-05-19 08:28:00","2028-05-19 08:28:00","4","","","","","Active","","","","","N/A","","","","","","","",""
"230","2010147","DORS","AL-HABIB FILLING STATION - JAMSHORO","226","","","","","","68.2782","25.4472","2028-05-19 08:28:00","2007-08-19 12:47:00","4","","","","","Active","","","","","N/A","","","","","","","",""
"231","2010357","DORS","AL WAHEED FILLING STATION","227","","","","","","67.039","24.8787","2028-05-19 08:28:00","2005-08-19 09:02:00","4","","","","","Active","","","","","N/A","","","","","","","",""
"232","2010318","DORS","ARFEEN FILLING STATION","228","","","","","","67.1103","24.8807","2028-05-19 08:28:00","2028-05-19 08:28:00","4","","","","","Active","","","","","N/A","","","","","","","",""
"233","2010106","DORS","ASKARI FILLING STATION -S","229","","","","","","67.14","24.9171","2028-05-19 08:28:00","2028-05-19 08:28:00","4","","","","","Active","","","","","N/A","","","","","","","",""
"234","2010325","DORS","BILAL PETROLEUM (SOUTH)","230","","","","","","67.2083","24.9854","2028-05-19 08:28:00","2007-08-19 09:13:00","4","","","","","Active","","","","","N/A","","","","","","","",""
"235","2010034","DORS","CHISHTI AND SONS FILLING STATION","231","","","","","","67.1107","24.9068","2028-05-19 08:28:00","2028-05-19 08:28:00","4","","","","","Active","","","","","N/A","","","","","","","",""
"236","2010192","DORS","GLOBAL ENTERPRISE","232","","","","","","67.1443","24.8429","2028-05-19 08:28:00","2028-05-19 08:28:00","4","","","","","Active","","","","","N/A","","","","","","","",""
"237","2010042","DORS","HAMDAN F/S (KARACHI-SOUTH)","233","","","","","","67.3222","24.863","2028-05-19 08:28:00","2028-05-19 08:28:00","4","","","","","Active","","","","","N/A","","","","","","","",""
"238","2010096","DORS","KUWAIT FILLING STATION","234","","","","","","67.5335","25.082","2028-05-19 08:28:00","2007-08-19 11:09:00","4","","","","","Active","","","","","N/A","","","","","","","",""
"239","2010232","DORS","MALKANI PETROLEUM SERVICES - JATI","235","","","","","","68.268","24.3586","2028-05-19 08:28:00","2028-05-19 08:28:00","4","","","","","Active","","","","","N/A","","","","","","","",""
"240","2010067","DORS","MIR TALIB FILLING STATION (RCD)","236","","","","","","66.9149","24.9712","2028-05-19 08:28:00","2028-05-19 08:28:00","4","","","","","Active","","","","","N/A","","","","","","","",""
"241","2010240","DORS","MIR TALIB II F/S - NORTHERN BYPASS","237","","","","","","66.914","24.9782","2028-05-19 08:28:00","2028-05-19 08:28:00","4","","","","","Active","","","","","N/A","","","","","","","",""
"242","2010338","DORS","NIAZ & BROTHERS","238","","","","","","","","2028-05-19 08:28:00","2028-05-19 08:28:00","4","","","","","Inactive","","","","","N/A","","","","","","","",""
"243","2010097","DORS","NOOR FILLING STATION - JAMSHORO","239","","","","","","68.2742","25.514","2028-05-19 08:28:00","2028-05-19 08:28:00","4","","","","","Active","","","","","N/A","","","","","","","",""
"244","2010077","DORS","PARAS FILLING STATION","240","","","","","","67.0624","25.0071","2028-05-19 08:28:00","2028-05-19 08:28:00","4","","","","","Active","","","","","N/A","","","","","","","",""
"245","2010271","DORS","SHAH FILLING STATION - JAMSHORO","241","","","","","","68.2474","25.3883","2028-05-19 08:28:00","2019-09-19 20:41:00","4","","","","","Active","","","","","N/A","","","","","","","",""
"246","2010291","DORS","UNITED AZAD FILLING STATION","242","","","","","","68.1158","25.3218","2028-05-19 08:28:00","2007-08-19 12:04:00","4","","","","","Active","","","","","N/A","","","","","","","",""
"247","2010370","DORS","MALIR FILLING STATION","243","","","","","","67.2463","24.9136","2028-05-19 08:28:00","2006-08-19 13:41:00","4","","","","","Active","","","","","N/A","","","","","","","",""
"248","2010372","DORS","SHIV SAMADHA FILLING STATION","244","","","","","","","","2028-05-19 08:28:00","2028-05-19 08:28:00","4","","","","","Active","","","","","N/A","","","","","","","",""
"249","2010003","DORS","AFRIDI FILLING STATION","245","","","","","","68.422","25.4919","2028-05-19 08:28:00","2028-05-19 08:28:00","4","","","","","Active","","","","","N/A","","","","","","","",""
"250","2010158","DORS","AL FATEH PETROLEUM SERVICES","246","","","","","","69.5648","25.1858","2028-05-19 08:28:00","2028-05-19 08:28:00","4","","","","","Active","","","","","N/A","","","","","","","",""
"251","2010168","DORS","AMEER FILLING STATION","247","","","","","","69.105","24.9226","2028-05-19 08:28:00","2028-05-19 08:28:00","4","","","","","Active","","","","","N/A","","","","","","","",""
"253","2010035","DORS","DAUR FILLING STATION","249","","","","","","68.302","26.4578","2028-05-19 08:28:00","2016-08-19 09:32:00","4","","","","","Active","","","","","N/A","","","","","","","",""
"254","2010199","DORS","GUL FILLING STATION - S","250","","","","","","68.5727","25.4388","2028-05-19 08:28:00","2028-05-19 08:28:00","4","","","","","Active","","","","","N/A","","","","","","","",""
"255","2010044","DORS","HASNAIN  FILLING STATION S","251","","","","","","67.9959","26.4613","2028-05-19 08:28:00","2016-08-19 13:22:00","4","","","","","Active","","","","","N/A","","","","","","","",""
"256","2010208","DORS","IMRAN FILLING STATION - S","252","","","","","","","","2028-05-19 08:28:00","2028-05-19 08:28:00","4","","","","","Active","","","","","N/A","","","","","","","",""
"257","2010047","DORS","INDUS FILING STATION","253","","","","","","68.577","25.3082","2028-05-19 08:28:00","2028-05-19 08:28:00","4","","","","","Active","","","","","N/A","","","","","","","",""
"258","2010050","DORS","JUGNOO F/S (SOUTH)","254","","","","","","68.4424","25.6023","2028-05-19 08:28:00","2028-05-19 08:28:00","4","","","","","Active","","","","","N/A","","","","","","","",""
"259","2010221","DORS","KEERIYO FILLING STATION -S","255","","","","","","68.2893","26.9027","2028-05-19 08:28:00","2028-05-19 08:28:00","4","","","","","Active","","","","","N/A","","","","","","","",""
"260","2010053","DORS","KHALID FILLING STATION","256","","","","","","68.2704","26.7851","2028-05-19 08:28:00","2028-05-19 08:28:00","4","","","","","Active","","","","","N/A","","","","","","","",""
"261","2010236","DORS","MEERWAH FILLING STATION","257","","","","","","69.0112","25.482","2028-05-19 08:28:00","2028-05-19 08:28:00","4","","","","","Active","","","","","N/A","","","","","","","",""
"262","2010238","DORS","MEHRAN TRUCKING STATION - MORO","258","","","","","","67.9913","26.6336","2028-05-19 08:28:00","2028-05-19 08:28:00","4","","","","","Active","","","","","N/A","","","","","","","",""
"263","2010072","DORS","NEW BANDHI F/S","259","","","","","","68.3033","26.5773","2028-05-19 08:28:00","2028-05-19 08:28:00","4","","","","","Active","","","","","N/A","","","","","","","",""
"264","2010073","DORS","NEW MURTAZA FILLING STATION","260","","","","","","68.3957","26.2663","2028-05-19 08:28:00","2016-08-19 08:38:00","4","","","","","Active","","","","","N/A","","","","","","","",""
"265","2010250","DORS","QALANDRI FILLING STATION","261","","","","","","67.7166","26.5506","2028-05-19 08:28:00","2028-05-19 08:28:00","4","","","","","Active","","","","","N/A","","","","","","","",""
"266","2010259","DORS","SACHAL SAIN FILLING STATION - S","262","","","","","","69.2483","25.6647","2028-05-19 08:28:00","2028-05-19 08:28:00","4","","","","","Active","","","","","N/A","","","","","","","",""
"267","2010264","DORS","SARDAR AYUB F/S - HYD","263","","","","","","68.4344","25.5375","2028-05-19 08:28:00","2029-07-19 06:43:00","4","","","","","Active","","","","","N/A","","","","","","","",""
"268","2010278","DORS","SIMRAN FILLING STATION - S","264","","","","","","69.7122","25.369","2028-05-19 08:28:00","2028-05-19 08:28:00","4","","","","","Active","","","","","N/A","","","","","","","",""
"269","2010283","DORS","SULTANABAD FILLING STATION","265","","","","","","68.8523","25.4909","2028-05-19 08:28:00","2028-05-19 08:28:00","4","","","","","Active","","","","","N/A","","","","","","","",""
"270","2010020","DORS","ARAIN FILLING STATION","266","","","","","","68.4544","26.4739","2028-05-19 08:28:00","2028-05-19 08:28:00","4","","","","","Active","","","","","N/A","","","","","","","",""
"271","2010134","DORS","ABDULLAH PETROLEUM STATION","267","","","","","","68.2978","24.6183","2028-05-19 08:28:00","2028-05-19 08:28:00","4","","","","","Active","","","","","N/A","","","","","","","",""
"272","2010329","DORS","AL FAROOQ FILLING STATION","268","","","","","","","","2028-05-19 08:28:00","2028-05-19 08:28:00","4","","","","","Active","","","","","N/A","","","","","","","",""
"273","2010014","DORS","AL SAADAT FILLING STATION","269","","","","","","","","2028-05-19 08:28:00","2028-05-19 08:28:00","4","","","","","Active","","","","","N/A","","","","","","","",""
"274","2010210","DORS","IRFAN FILLING STATION","270","","","","","","68.533","24.653","2028-05-19 08:28:00","2028-05-19 08:28:00","4","","","","","Active","","","","","N/A","","","","","","","",""
"275","2010245","DORS","NEW MEHBOOB SHAH F/ST THATTA","271","","","","","","","","2028-05-19 08:28:00","2028-05-19 08:28:00","4","","","","","Active","","","","","N/A","","","","","","","",""
"276","2010060","DORS","MADINA FILLING STATION - KUNRI","272","","","","","","69.57","25.1758","2028-05-19 08:28:00","2028-05-19 08:28:00","4","","","","","Active","","","","","N/A","","","","","","","",""
"277","2010063","DORS","MAKKAH FILLING STATION","273","","","","","","68.9671","25.5136","2028-05-19 08:28:00","2028-05-19 08:28:00","4","","","","","Active","","","","","N/A","","","","","","","",""
"278","2010234","DORS","MASHAALLAH FILLING STATION - S","274","","","","","","","","2028-05-19 08:28:00","2028-05-19 08:28:00","4","","","","","Active","","","","","N/A","","","","","","","",""
"279","2010076","DORS","PALLI FILLING STATION","275","","","","","","69.5875","25.335","2028-05-19 08:28:00","2028-05-19 08:28:00","4","","","","","Active","","","","","N/A","","","","","","","",""
"280","2010266","DORS","SARFARAZ SERVICES STATION (SDS001)","276","","","","","","67.6078","24.494","2028-05-19 08:28:00","2028-05-19 08:28:00","4","","","","","Active","","","","","N/A","","","","","","","",""
"281","2010086","DORS","SHAH INAYAT FILLING STATION","277","","","","","","68.5007","25.3558","2028-05-19 08:28:00","2028-05-19 08:28:00","4","","","","","Active","","","","","N/A","","","","","","","",""
"282","2010092","DORS","SORIYA BADSHAH FILLING STATION","278","","","","","","","","2028-05-19 08:28:00","2028-05-19 08:28:00","4","","","","","Active","","","","","N/A","","","","","","","",""
"283","2010349","DORS","AL SAADAT 2 FILLING STATION","279","","","","","","68.4585","27.2476","2028-05-19 08:28:00","2005-08-19 13:25:00","4","","","","","Active","","","","","N/A","","","","","","","",""
"284","2010163","DORS","ALI FILLING STATION - GAMBAT","280","","","","","","","","2028-05-19 08:28:00","2028-05-19 08:28:00","4","","","","","Active","","","","","N/A","","","","","","","",""
"285","2010009","DORS","ALI FILLING STATION - KHAIRPUR","281","","","","","","68.4064","26.8988","2028-05-19 08:28:00","2024-08-19 10:49:00","4","","","","","Active","","","","","N/A","","","","","","","",""
"286","2010016","DORS","AL-WALI FUEL STATION (SDA 001)","282","","","","","","68.0968","27.7582","2028-05-19 08:28:00","2002-09-19 09:06:00","4","","","","","Active","","","","","N/A","","","","","","","",""
"287","2010019","DORS","ANMOL FILLING STATION","283","","","","","","68.1306","27.8417","2028-05-19 08:28:00","2022-07-19 13:52:00","4","","","","","Active","","","","","N/A","","","","","","","",""
"288","2010021","DORS","ASAD PETROLEUM SERVICES","284","","","","","","68.425","27.374","2028-05-19 08:28:00","2018-09-19 14:02:00","4","","","","","Active","","","","","N/A","","","","","","","",""
"289","2010353","DORS","BURAQ FILLING STATION","285","","","","","","67.9257","27.8504","2028-05-19 08:28:00","2022-07-19 09:34:00","4","","","","","Active","","","","","N/A","","","","","","","",""
"290","2010037","DORS","FAQIR FILLING STATION","286","","","","","","","","2028-05-19 08:28:00","2028-05-19 08:28:00","4","","","","","Active","","","","","N/A","","","","","","","",""
"291","2010006","DORS","HALLAR FILLING STATION","287","","","","","","68.6732","27.3365","2028-05-19 08:28:00","2006-08-19 13:42:00","4","","","","","Active","","","","","N/A","","","","","","","",""
"292","2010045","DORS","HASSAN FILLING STATION","288","","","","","","68.5333","27.1453","2028-05-19 08:28:00","2024-08-19 10:20:00","4","","","","","Active","","","","","N/A","","","","","","","",""
"293","2010046","DORS","HUSSAINI FILLING STATION","289","","","","","","68.03","27.2574","2028-05-19 08:28:00","2004-09-19 13:47:00","4","","","","","Active","","","","","N/A","","","","","","","",""
"294","2010218","DORS","JOYO F/S - LARKANA (RMS)","290","","","","","","68.2943","27.8066","2028-05-19 08:28:00","2022-07-19 14:37:00","4","","","","","Active","","","","","N/A","","","","","","","",""
"295","2010227","DORS","LAKYARI FILLING STATION","291","","","","","","68.4209","27.2101","2028-05-19 08:28:00","2005-08-19 13:26:00","4","","","","","Active","","","","","N/A","","","","","","","",""
"296","2010059","DORS","MADINA F/S - CHUNDKO","292","","","","","","","","2028-05-19 08:28:00","2028-05-19 08:28:00","4","","","","","Active","","","","","N/A","","","","","","","",""
"297","2010071","DORS","NEW ABBAS FILLING STATION","293","","","","","","68.0099","27.6057","2028-05-19 08:28:00","2025-07-19 13:35:00","4","","","","","Active","","","","","N/A","","","","","","","",""
"298","2010104","DORS","PARDESI F/ STATION","294","","","","","","68.2319","27.5769","2028-05-19 08:28:00","2024-07-19 12:45:00","4","","","","","Active","","","","","N/A","","","","","","","",""
"299","2010080","DORS","SADQA-E-GHAZI ABBAS FILLING STATION","295","","","","","","68.3311","27.4301","2028-05-19 08:28:00","2005-08-19 06:58:00","4","","","","","Active","","","","","N/A","","","","","","","",""
"300","2010085","DORS","SHAH HUSSAIN FILLING STATION","296","","","","","","68.6327","27.439","2028-05-19 08:28:00","2005-08-19 12:34:00","4","","","","","Active","","","","","N/A","","","","","","","",""
"301","2010272","DORS","SHAH SHAHEED FILLING STATION","297","","","","","","68.7881","27.5063","2028-05-19 08:28:00","2006-08-19 13:41:00","4","","","","","Active","","","","","N/A","","","","","","","",""
"302","2010279","DORS","SIR FAHEEM FILLING STATION","298","","","","","","67.8654","27.5846","2028-05-19 08:28:00","2025-07-19 14:38:00","4","","","","","Active","","","","","N/A","","","","","","","",""
"303","2010281","DORS","SUBHAN ALLAH F/S - S","299","","","","","","68.3001","27.2557","2028-05-19 08:28:00","2005-08-19 13:47:00","4","","","","","Active","","","","","N/A","","","","","","","",""
"304","2010040","DORS","GUL FILLING STATION - SKP","300","","","","","","68.5727","25.4388","2028-05-19 08:28:00","2028-05-19 08:28:00","4","","","","","Active","","","","","N/A","","","","","","","",""
"305","2010091","DORS","SUPER DRIVE FILLING STATION","301","","","","","","68.5286","27.2925","2028-05-19 08:28:00","2006-08-19 11:07:00","4","","","","","Active","","","","","N/A","","","","","","","",""
"306","2010334","DORS","NEW SUNNY FILLING STATION","302","","","","","","68.6605","27.9602","2028-05-19 08:28:00","2017-09-19 10:18:00","4","","","","","Active","","","","","N/A","","","","","","","",""
"307","2010161","DORS","AL MUNIR FILLING STATION - S","303","","","","","","70.3979","28.4802","2028-05-19 08:28:00","2019-10-18 06:57:52","3","","","","","Active","","","","","N/A","","","","","","","",""
"308","2010165","DORS","ALI FILLING STATION- II ROHRI","304","","","","","","68.8563","27.663","2028-05-19 08:28:00","2017-09-19 10:19:00","4","","","","","Active","","","","","N/A","","","","","","","",""
"309","2010326","DORS","BALOCHISTAN PETROLEUM SERVICE","305","","","","","","67.8472","29.5414","2028-05-19 08:28:00","2013-09-19 07:22:00","4","","","","","Active","","","","","N/A","","","","","","","",""
"310","2010174","DORS","BHITTAI FILLING STATION - SKP 1","306","","","","","","69.335","28.0606","2028-05-19 08:28:00","2017-09-19 10:27:00","4","","","","","Active","","","","","N/A","","","","","","","",""
"311","2010028","DORS","BISMILLAH FILLING STATION","307","","","","","","69.2721","27.9718","2028-05-19 08:28:00","2026-08-19 15:12:00","4","","","","","Active","","","","","N/A","","","","","","","",""
"312","2010179","DORS","CHANDYA TRUCKING STATION (UBARO)","308","","","","","","69.7574","28.1716","2028-05-19 08:28:00","2019-10-21 09:42:23","4","","","","","Active","","","","","N/A","","","","","","","",""
"313","2010354","DORS","Noori Filling Station","309","","","","","","69.5467","28.0008","2028-05-19 08:28:00","2019-08-19 12:11:00","4","","","","","Active","","","","","N/A","","","","","","","",""
"314","2010039","DORS","GHOUSPUR FILLING STATION","310","","","","","","69.0842","28.1429","2028-05-19 08:28:00","2007-08-19 06:54:00","4","","","","","Active","","","","","N/A","","","","","","","",""
"315","2010203","DORS","HAROON FILLING STATION - RYK","311","","","","","","69.8789","28.2113","2028-05-19 08:28:00","2019-10-18 06:59:20","3","","","","","Active","","","","","N/A","","","","","","","",""
"316","2010219","DORS","KAINAT FILLING STATION - S","312","","","","","","70.1406","28.3224","2028-05-19 08:28:00","2019-10-18 06:58:15","3","","","","","Active","","","","","N/A","","","","","","","",""
"317","2010057","DORS","LIAQUAT FILLING STATION","313","","","","","","69.1764","27.6403","2028-05-19 08:28:00","2005-08-19 06:59:00","4","","","","","Active","","","","","N/A","","","","","","","",""
"318","2010231","DORS","MAKHAN BELLA FILLING STATION - RYK","314","","","","","","70.2399","28.51","2028-05-19 08:28:00","2019-10-18 06:50:30","3","","","","","Active","","","","","N/A","","","","","","","",""
"319","2010064","DORS","MAKKI MADANI F/S","315","","","","","","69.9181","28.2283","2028-05-19 08:28:00","2019-10-18 06:58:59","3","","","","","Active","","","","","N/A","","","","","","","",""
"320","2010244","DORS","NEW BALOCH FILLING STATION","316","","","","","","69.7798","28.3421","2028-05-19 08:28:00","2019-08-19 08:42:00","4","","","","","Active","","","","","N/A","","","","","","","",""
"321","2010273","DORS","SHAHBAZ FILLING STATION - S","317","","","","","","69.466","28.4137","2028-05-19 08:28:00","2007-08-19 09:12:00","4","","","","","Active","","","","","N/A","","","","","","","",""
"322","2010275","DORS","SHAHMIR FILLING STATION - S","318","","","","","","69.5539","28.0166","2028-05-19 08:28:00","2019-08-19 13:43:00","4","","","","","Active","","","","","N/A","","","","","","","",""
"323","2010088","DORS","SHAHRUK FILLING STATION(SDS001)","319","","","","","","68.8891","27.6642","2028-05-19 08:28:00","2003-09-19 11:02:00","4","","","","","Active","","","","","N/A","","","","","","","",""
"324","2010089","DORS","SUBHAN ALLAH FILLING STATION-RYK","320","","","","","","70.2805","28.4365","2028-05-19 08:28:00","2019-10-18 06:57:13","3","","","","","Active","","","","","N/A","","","","","","","",""
"325","2010351","DORS","AL MAKKAH FILLING STATION KASHMORE","321","","","","","","69.0513","28.2442","2028-05-19 08:28:00","2007-08-19 12:16:00","4","","","","","Active","","","","","N/A","","","","","","","",""
"326","2010348","DORS","NISHAT FILLING STATION","322","","","","","","69.0171","28.2419","2028-05-19 08:28:00","2007-08-19 12:42:00","4","","","","","Active","","","","","N/A","","","","","","","",""
"327","2010346","DORS","BHITAI FILLING STATION 2","323","","","","","","69.6626","27.9568","2028-05-19 08:28:00","2019-08-19 11:17:00","4","","","","","Active","","","","","N/A","","","","","","","",""
"328","2010110","DORS","FARHAN TRUCKING","324","","","","","","70.1014","28.3188","2028-05-19 08:28:00","2019-10-18 06:58:35","3","","","","","Active","","","","","N/A","","","","","","","",""
"329","2010368","DORS","MASHAALLAH FILLING STATION - JACOBABAD","325","","","","","","68.7839","28.2363","2028-05-19 08:28:00","2007-08-19 13:47:00","4","","","","","Active","","","","","N/A","","","","","","","",""
"330","2010379","DORS","Bilawal f/s","326","","","","","","68.7071","27.8456","2028-05-19 08:28:00","2009-08-19 13:13:00","4","","","","","Active","","","","","N/A","","","","","","","",""
"331","0","","Testing - North Region","73","","","","","","73.0569","33.7121","2001-06-19 08:07:00","2014-07-19 18:01:00","1","","","","","Active","","","","","","","","","","","","",""
"332","0","DORS","Testing - South Region","73","Sindh","Karachi","test","Just for testing address","","67.0752","24.8636","2015-07-19 08:14:00","2019-10-03 09:41:42","4","None","","test","2019-01-01","Active","","","","","","","","","","","","",""
"333","0","","Testing Dubai Office","0","","","","","","55.1531","25.0779","2015-07-19 09:38:00","2015-07-19 09:38:00","5","","","","","Active","","","","","","","","","","","","",""
"334","2010388","DORS","New Chandia Filling Station - Qambar","327","Sindh","Larkana","","","","67.986","27.5882","2019-08-19 14:49:00","2017-09-19 10:43:00","4","There is none.","","","","Active","","","","","","","","","","","","",""
"335","2010385","DORM","M SADIQ FILLING STATION - DEPALPUR","328","","Multan","","","","73.7956","30.7546","2002-09-19 08:35:00","2002-09-19 08:35:00","3","","","","","Active","","","","","","","","","","","","",""
"336","2010389","DORC","SHER MUHAMMAD PETROLEUM SERVICE","329","","","","","","73.7041","31.5878","2002-09-19 10:12:00","2019-10-14 11:13:54","2","","","","","Active","","","","","","","","","","","","",""
"337","2010393","DORM","CNG HOUSE - 1","330","","","","","","73.8493","31.7441","2003-09-19 09:42:00","2003-09-19 09:42:00","2","","","","","Active","","","","","","","","","","","","",""
"338","2010383","DORS","Sadaqat filling station","331","","","","","","67.9191","27.1996","2004-09-19 15:39:00","2004-09-19 15:40:00","4","","","","","Active","","","","","","","","","","","","",""
"339","2010380","DORM","Gulshan Petroleum Service","332","Punjab","","","","","71.8183","30.0024","2013-09-19 07:43:00","2013-09-19 07:43:00","3","","","","","Active","","","","","","","","","","","","",""
"340","2010395","DORM","SAIFI PETROLEUM SERVICE - VEHARI","333","","","","","","72.4168","30.0216","2017-09-19 10:35:00","2019-11-19 07:47:03","3","","","","","Active","","","","","","","","","","","","",""
"341","2010392","DORM","WAQAS PETROLEUM SERVICE - MULTAN SADDAR","334","","","","","","71.6674","30.2143","2017-09-19 11:35:00","2018-09-19 11:32:00","3","","","","","Active","","","","","","","","","","","","",""
"342","2010384","DORN","SATTAR ALI KHAN - MUZZAFFARABAD","335","","","","","","73.6641","34.1912","2017-09-19 11:37:00","2019-11-28 11:39:31","1","","","","","Active","","","","","","","","","","","","",""
"343","2010386","DORM","SAAD HASSAN FILLING STATION","336","","","","","","72.0187","30.3351","2017-09-19 13:34:00","2017-09-19 13:34:00","3","","","","","Active","","","","","","","","","","","","",""
"344","2010391","DORM","BABAR - ONE PETROLEUM SERVICE","344","","","","","","71.4048","30.1887","2018-09-19 08:36:00","2020-01-17 06:17:00","3","","","","","Active","","","","","","","","","","","","",""
"345","2010054","DORC","KIYANI FILLING STATION","0","","","","","","","","2018-09-19 08:42:00","2018-09-19 08:42:00","2","","","","","Active","","","","","","","","","","","","",""
"346","0","","RIAZ FILLING STATION - MANDI FAIZABAD","337","","","","","","73.9708","31.4102","2023-09-19 09:03:00","2023-09-19 09:16:00","2","","","","","Active","","","","","","","","","","","","",""
"347","2010394","DORM","AL-MADINA II FILLING STATION","338","","","","","","71.4321","29.9886","2019-10-09 09:15:43","2019-10-09 09:15:43","3","","","","","Active","","","","MF-B","","","","","","","","",""
"348","2010390","DORN","SAMUNDRI FILLING STATION - CHAKWAL","0","","","","","","71.9898","32.8012","2019-10-14 13:56:23","2019-10-14 14:02:10","1","","","","","Active","","","","","","","","","","","","",""
"349","2010396","DORN","KARAKORUM FILLING STATION - GILGIT","0","","","","","","74.5668","35.804","2019-10-14 13:58:32","2019-10-17 19:02:23","1","","","","","Active","","","","","","","","","","","","",""
"350","2010397","DORC","AWAN FUELS - GUJRAT","339","","","","Kharian, Gujrat","","74.0736","32.8748","2019-11-06 10:28:08","2019-12-19 07:31:51","2","","","","","Active","","","","","","","","","","","","",""
"351","0","0000","Sun shine fs","340","sindh","","","qambar","","67.9101","27.847","2019-11-08 08:17:14","2019-11-08 08:17:14","4","","","","","Active","","","","","","","","","","","","",""
"352","2010399","DORM","HUSNAIN PETROLEUM SERVICE-MUZAFFARGARH","342","","","","","","71.2207","30.1189","2019-11-27 09:21:25","2019-12-10 11:07:26","3","","","","","Active","","","","","","","","","","","","",""
"353","2010400","DORM","JABBAR PETROLEUM-I-HASILPUR","97","","","","","","","","2019-12-19 07:29:03","2019-12-19 07:29:46","3","","","","","Active","","","","","","","","","","","","",""
